종목코드,종목명,시장구분,업종명,종가,대비,등락률,시가총액
"095570","AJ네트웍스","KOSPI","서비스업","7280","80","1.11","340866307600"
"006840","AK홀딩스","KOSPI","기타금융","15900","150","0.95","210636219900"
"027410","BGF","KOSPI","기타금융","3990","0","0.00","381909996090"
"282330","BGF리테일","KOSPI","유통업","156000","-1500","-0.95","2696289336000"
"138930","BNK금융지주","KOSPI","기타금융","6560","-40","-0.61","2138135213760"
"001460","BYC","KOSPI","섬유의복","403000","3500","0.88","251719845000"
"001465","BYC우","KOSPI","섬유의복","143500","0","0.00","30907747500"
"001040","CJ","KOSPI","기타금융","76200","-600","-0.78","2223287247600"
"079160","CJ CGV","KOSPI","서비스업","20050","0","0.00","956177061450"
"00104K","CJ4우(전환)","KOSPI","기타금융","68900","-900","-1.29","291206676800"
"000120","CJ대한통운","KOSPI","운수창고업","117500","-500","-0.42","2680450420000"
"011150","CJ씨푸드","KOSPI","음식료품","3135","-65","-2.03","112642973355"
"011155","CJ씨푸드1우","KOSPI","음식료품","28350","150","0.53","5670000000"
"001045","CJ우","KOSPI","기타금융","49800","200","0.40","112559105400"
"097950","CJ제일제당","KOSPI","음식료품","400000","-500","-0.12","6021674400000"
"097955","CJ제일제당 우","KOSPI","음식료품","167000","2500","1.52","221681311000"
"000590","CS홀딩스","KOSPI","기타금융","72500","2500","3.57","83699945000"
"012030","DB","KOSPI","서비스업","787","-2","-0.25","158323885271"
"016610","DB금융투자","KOSPI","증권","4905","-35","-0.71","208199538045"
"005830","DB손해보험","KOSPI","보험","59900","600","1.01","4240920000000"
"000990","DB하이텍","KOSPI","전기전자","43700","-850","-1.91","1940218295600"
"000995","DB하이텍1우","KOSPI","전기전자","79600","-2400","-2.93","8940353600"
"139130","DGB금융지주","KOSPI","기타금융","7370","10","0.14","1246604789210"
"001530","DI동일","KOSPI","유통업","17400","400","2.35","444887898000"
"000210","DL","KOSPI","기타금융","65800","100","0.15","1378897167200"
"001880","DL건설","KOSPI","건설업","19550","200","1.03","431141702200"
"000215","DL우","KOSPI","기타금융","38650","-300","-0.77","65168344750"
"375500","DL이앤씨","KOSPI","건설업","42450","1550","3.79","1642544296350"
"37550L","DL이앤씨2우(전환)","KOSPI","건설업","34400","300","0.88","72651114400"
"37550K","DL이앤씨우","KOSPI","건설업","30150","650","2.20","63733632750"
"007340","DN오토모티브","KOSPI","전기전자","62000","-1100","-1.74","619628310000"
"004840","DRB동일","KOSPI","화학","4560","-50","-1.08","90880800000"
"155660","DSR","KOSPI","철강금속","5570","40","0.72","89120000000"
"069730","DSR제강","KOSPI","철강금속","5000","-70","-1.38","72000000000"
"017940","E1","KOSPI","유통업","46150","-250","-0.54","316589000000"
"365550","ESR켄달스퀘어리츠","KOSPI","서비스업","5540","90","1.65","1180513060000"
"383220","F&F","KOSPI","섬유의복","139000","4000","2.96","5324683425000"
"007700","F&F홀딩스","KOSPI","기타금융","16850","-300","-1.75","659077083950"
"114090","GKL","KOSPI","서비스업","15950","150","0.95","986597936500"
"078930","GS","KOSPI","기타금융","45750","100","0.22","4250878543500"
"006360","GS건설","KOSPI","건설업","29200","200","0.69","2498979508000"
"001250","GS글로벌","KOSPI","유통업","3385","-105","-3.01","279376791140"
"007070","GS리테일","KOSPI","유통업","26950","1000","3.85","2822147997900"
"078935","GS우","KOSPI","기타금융","35550","0","0.00","63450564300"
"012630","HDC","KOSPI","기타금융","6930","-10","-0.14","414010126530"
"039570","HDC랩스","KOSPI","건설업","8400","-60","-0.71","218043848400"
"089470","HDC현대EP","KOSPI","화학","4220","-45","-1.06","134618000000"
"294870","HDC현대산업개발","KOSPI","건설업","12000","0","0.00","790887960000"
"267250","HD현대","KOSPI","화학","61700","100","0.16","4873873344500"
"097230","HJ중공업","KOSPI","건설업","5900","-110","-1.83","491318257900"
"003580","HLB글로벌","KOSPI","광업","7950","-50","-0.63","336817983900"
"011200","HMM","KOSPI","운수창고업","21350","-250","-1.16","10440993239600"
"082740","HSD엔진","KOSPI","기계","8390","-180","-2.10","600254109660"
"003560","IHQ","KOSPI","서비스업","623","-21","-3.26","103308030532"
"175330","JB금융지주","KOSPI","기타금융","7510","0","0.00","1479341533940"
"234080","JW생명과학","KOSPI","의약품","12300","0","0.00","194765014200"
"001060","JW중외제약","KOSPI","의약품","21250","-50","-0.23","471284221250"
"001067","JW중외제약2우B","KOSPI","의약품","70800","-100","-0.14","7287231600"
"001065","JW중외제약우","KOSPI","의약품","36300","-50","-0.14","6633280500"
"096760","JW홀딩스","KOSPI","기타금융","3275","-15","-0.46","230706412150"
"105560","KB금융","KOSPI","기타금융","47150","-600","-1.26","19279496756200"
"002380","KCC","KOSPI","화학","284000","-3500","-1.22","2523757764000"
"344820","KCC글라스","KOSPI","비금속광물","51500","200","0.39","822481368000"
"009070","KCTC","KOSPI","운수창고업","4940","5","0.10","148200000000"
"009440","KC그린홀딩스","KOSPI","기타금융","3795","-70","-1.81","85140749100"
"119650","KC코트렐","KOSPI","기계","3855","-15","-0.39","67848000000"
"092220","KEC","KOSPI","전기전자","2625","5","0.19","379963870125"
"016380","KG스틸","KOSPI","철강금속","10500","-500","-4.55","1050093418500"
"001390","KG케미칼","KOSPI","화학","25150","-550","-2.14","348732314400"
"033180","KH 필룩스","KOSPI","전기전자","1350","-25","-1.82","206874784350"
"001940","KISCO홀딩스","KOSPI","철강금속","13900","0","0.00","224851682000"
"025000","KPX케미칼","KOSPI","화학","48850","-250","-0.51","236434000000"
"092230","KPX홀딩스","KOSPI","화학","58900","0","0.00","248831649400"
"000040","KR모터스","KOSPI","운수장비","661","-9","-1.34","63547525365"
"044450","KSS해운","KOSPI","운수창고업","10400","0","0.00","240093152000"
"030200","KT","KOSPI","통신업","36650","0","0.00","9569747763200"
"033780","KT&G","KOSPI","기타제조업","83000","200","0.24","11395277251000"
"058850","KTcs","KOSPI","서비스업","2290","-5","-0.22","97748650000"
"058860","KTis","KOSPI","서비스업","2800","45","1.63","97445600000"
"093050","LF","KOSPI","섬유의복","16700","-100","-0.60","488308000000"
"003550","LG","KOSPI","기타금융","78800","-900","-1.13","12395318248400"
"034220","LG디스플레이","KOSPI","전기전자","15700","0","0.00","5617706490000"
"051900","LG생활건강","KOSPI","화학","691000","4000","0.58","10792174127000"
"051905","LG생활건강우","KOSPI","화학","362000","3500","0.98","760090314000"
"373220","LG에너지솔루션","KOSPI","전기전자","482000","19000","4.10","112788000000000"
"003555","LG우","KOSPI","기타금융","63200","100","0.16","190966384000"
"032640","LG유플러스","KOSPI","통신업","11350","150","1.34","4955538947350"
"011070","LG이노텍","KOSPI","전기전자","345500","9500","2.83","8176985468500"
"066570","LG전자","KOSPI","전기전자","97300","-400","-0.41","15922932302200"
"066575","LG전자우","KOSPI","전기전자","45600","-300","-0.65","783681235200"
"037560","LG헬로비전","KOSPI","서비스업","4980","-60","-1.19","385685387700"
"051910","LG화학","KOSPI","화학","610000","-13000","-2.09","43061329230000"
"051915","LG화학우","KOSPI","화학","289500","-3500","-1.19","2225907600000"
"079550","LIG넥스원","KOSPI","기계","105500","2500","2.43","2321000000000"
"006260","LS","KOSPI","기타금융","64300","-100","-0.16","2070460000000"
"010120","LS ELECTRIC","KOSPI","전기전자","53200","0","0.00","1596000000000"
"000680","LS네트웍스","KOSPI","유통업","2955","-15","-0.51","232862912280"
"229640","LS전선아시아","KOSPI","기타금융","7560","-90","-1.18","231524085240"
"001120","LX인터내셔널","KOSPI","유통업","44300","1600","3.75","1717068000000"
"108670","LX하우시스","KOSPI","화학","43200","-500","-1.14","387403344000"
"108675","LX하우시스우","KOSPI","화학","20450","50","0.25","21111148500"
"383800","LX홀딩스","KOSPI","기타금융","8310","60","0.73","633892533900"
"38380K","LX홀딩스1우","KOSPI","기타금융","11500","-100","-0.86","16850777500"
"023150","MH에탄올","KOSPI","음식료품","8600","-110","-1.26","63455323600"
"035420","NAVER","KOSPI","서비스업","234000","-2000","-0.85","38387485890000"
"181710","NHN","KOSPI","서비스업","24800","-100","-0.40","893226510400"
"400760","NH올원리츠","KOSPI","서비스업","4400","0","0.00","185680000000"
"005940","NH투자증권","KOSPI","증권","9740","-50","-0.51","3230426070540"
"005945","NH투자증권우","KOSPI","증권","9890","10","0.10","186633873520"
"338100","NH프라임리츠","KOSPI","서비스업","4575","10","0.22","85369500000"
"034310","NICE","KOSPI","서비스업","13450","-100","-0.74","509516935000"
"008260","NI스틸","KOSPI","철강금속","4475","-5","-0.11","127985523575"
"004250","NPC","KOSPI","화학","8980","-490","-5.17","329745600000"
"004255","NPC우","KOSPI","화학","4665","-95","-2.00","24631200000"
"010060","OCI","KOSPI","화학","109000","-1500","-1.36","2599581439000"
"178920","PI첨단소재","KOSPI","화학","35650","-350","-0.97","1046909379300"
"005490","POSCO홀딩스","KOSPI","철강금속","246000","-7000","-2.77","21447961410000"
"010950","S-Oil","KOSPI","화학","98400","-700","-0.71","11078146732800"
"010955","S-Oil우","KOSPI","화학","62000","-500","-0.80","249359474000"
"034120","SBS","KOSPI","서비스업","39300","1850","4.94","717326472600"
"005090","SGC에너지","KOSPI","전기가스업","36000","-500","-1.37","528372144000"
"001380","SG글로벌","KOSPI","운수장비","1405","-5","-0.35","63174620915"
"004060","SG세계물산","KOSPI","유통업","594","18","3.13","120240426240"
"001770","SHD","KOSPI","철강금속","31800","-100","-0.31","38633120400"
"002360","SH에너지화학","KOSPI","화학","1160","-45","-3.73","128915126800"
"009160","SIMPAC","KOSPI","철강금속","6350","0","0.00","415477426600"
"123700","SJM","KOSPI","운수장비","3340","0","0.00","52120359320"
"025530","SJM홀딩스","KOSPI","유통업","2980","0","0.00","44503343840"
"034730","SK","KOSPI","기타금융","224500","1000","0.45","16646524360500"
"011790","SKC","KOSPI","화학","115000","1000","0.88","4354854270000"
"018670","SK가스","KOSPI","유통업","116500","2500","2.19","1075323426000"
"001740","SK네트웍스","KOSPI","유통업","4370","-75","-1.69","1084580017390"
"001745","SK네트웍스우","KOSPI","유통업","52700","-3100","-5.56","5989249600"
"006120","SK디스커버리","KOSPI","기타금융","36050","650","1.84","686314672750"
"006125","SK디스커버리우","KOSPI","기타금융","30950","350","1.14","42044182250"
"210980","SK디앤디","KOSPI","서비스업","25500","-300","-1.16","565849182000"
"068400","SK렌터카","KOSPI","서비스업","8320","10","0.12","393418188800"
"395400","SK리츠","KOSPI","서비스업","5730","80","1.42","1126254872670"
"302440","SK바이오사이언스","KOSPI","의약품","111000","3000","2.78","8523029106000"
"326030","SK바이오팜","KOSPI","서비스업","70100","-1100","-1.54","5489758825000"
"402340","SK스퀘어","KOSPI","기타금융","39050","-350","-0.89","5524308647550"
"361610","SK아이이테크놀로지","KOSPI","전기전자","79600","-100","-0.13","5675288323200"
"03473K","SK우","KOSPI","기타금융","196500","1000","0.51","111245527500"
"096770","SK이노베이션","KOSPI","화학","181500","3000","1.68","16782499866000"
"096775","SK이노베이션우","KOSPI","화학","114500","1000","0.88","142944777000"
"001510","SK증권","KOSPI","증권","726","-4","-0.55","343100464146"
"001515","SK증권우","KOSPI","증권","3010","55","1.86","11776667140"
"285130","SK케미칼","KOSPI","화학","105000","10400","10.99","1850181900000"
"28513K","SK케미칼우","KOSPI","화학","52000","2900","5.91","110002308000"
"017670","SK텔레콤","KOSPI","통신업","52600","200","0.38","11510623374400"
"000660","SK하이닉스","KOSPI","전기전자","91700","-700","-0.76","66757816870500"
"064960","SNT모티브","KOSPI","운수장비","47700","-150","-0.31","697523587200"
"100840","SNT에너지","KOSPI","기계","22650","1000","4.62","170027004150"
"003570","SNT중공업","KOSPI","운수장비","11050","-100","-0.90","367442301850"
"036530","SNT홀딩스","KOSPI","기타금융","15650","50","0.32","255155815900"
"005610","SPC삼립","KOSPI","음식료품","80000","900","1.14","690320720000"
"011810","STX","KOSPI","유통업","3425","-35","-1.01","98028479950"
"077970","STX엔진","KOSPI","기계","17200","-550","-3.10","395753148800"
"071970","STX중공업","KOSPI","기계","4770","-75","-1.55","135305705520"
"002820","SUN&L","KOSPI","종이목재","4195","-175","-4.00","52890513855"
"084870","TBH글로벌","KOSPI","섬유의복","1995","20","1.01","41609353905"
"002710","TCC스틸","KOSPI","철강금속","11800","-100","-0.84","277300000000"
"069260","TKG휴켐스","KOSPI","화학","20050","-450","-2.20","819615689400"
"002900","TYM","KOSPI","기계","2410","75","3.21","367172530270"
"024070","WISCOM","KOSPI","화학","3150","-25","-0.79","48278279700"
"037270","YG PLUS","KOSPI","서비스업","6070","-30","-0.49","385016518700"
"000500","가온전선","KOSPI","전기전자","22000","300","1.38","91527634000"
"000860","강남제비스코","KOSPI","화학","22800","150","0.66","148200000000"
"035250","강원랜드","KOSPI","서비스업","26050","-300","-1.14","5573150025000"
"011420","갤럭시아에스엠","KOSPI","서비스업","2070","-35","-1.66","57027763080"
"002100","경농","KOSPI","화학","11550","600","5.48","225485741250"
"009450","경동나비엔","KOSPI","전기전자","40100","-1900","-4.52","584200539200"
"267290","경동도시가스","KOSPI","전기가스업","23050","-450","-1.91","135889108300"
"012320","경동인베스트","KOSPI","기타금융","35050","-450","-1.27","82894056150"
"000050","경방","KOSPI","유통업","12400","-100","-0.80","339949348000"
"214390","경보제약","KOSPI","의약품","6360","-20","-0.31","152047629600"
"012610","경인양행","KOSPI","화학","5450","0","0.00","226809189250"
"009140","경인전자","KOSPI","전기전자","26650","0","0.00","41861740050"
"013580","계룡건설","KOSPI","건설업","22300","-150","-0.67","199159226100"
"012200","계양전기","KOSPI","기계","3100","35","1.14","101060000000"
"012205","계양전기우","KOSPI","기계","5500","130","2.42","7700000000"
"002140","고려산업","KOSPI","음식료품","5440","-190","-3.37","135670472000"
"010130","고려아연","KOSPI","철강금속","618000","-26000","-4.04","11661660000000"
"002240","고려제강","KOSPI","철강금속","19950","50","0.25","458850000000"
"009290","광동제약","KOSPI","의약품","6630","-10","-0.15","347550242130"
"017040","광명전기","KOSPI","전기전자","2760","-35","-1.25","119611817400"
"017900","광전자","KOSPI","전기전자","2365","-20","-0.84","137036999495"
"037710","광주신세계","KOSPI","유통업","32400","50","0.15","259200000000"
"030610","교보증권","KOSPI","증권","6210","-10","-0.16","401496968160"
"339770","교촌에프앤비","KOSPI","유통업","11250","-50","-0.44","281053575000"
"007690","국도화학","KOSPI","화학","51100","500","0.99","460442477600"
"005320","국동","KOSPI","유통업","1505","-15","-0.99","83391125930"
"001140","국보","KOSPI","운수창고업","1005","-10","-0.99","79777682895"
"002720","국제약품","KOSPI","의약품","5100","-90","-1.73","102995259900"
"083420","그린케미칼","KOSPI","화학","8120","-190","-2.29","194880000000"
"014530","극동유화","KOSPI","화학","3785","5","0.13","131980754700"
"014280","금강공업","KOSPI","철강금속","6700","-90","-1.33","196506691900"
"014285","금강공업우","KOSPI","철강금속","12800","-100","-0.78","7550400000"
"008870","금비","KOSPI","비금속광물","85000","-4200","-4.71","85000000000"
"001570","금양","KOSPI","화학","12100","0","0.00","666489501700"
"002990","금호건설","KOSPI","건설업","8180","-30","-0.37","302280407100"
"002995","금호건설우","KOSPI","건설업","26200","150","0.58","7657369200"
"011780","금호석유","KOSPI","화학","125000","-2500","-1.96","3786980500000"
"011785","금호석유우","KOSPI","화학","91700","-400","-0.43","277253666200"
"214330","금호에이치티","KOSPI","운수장비","1060","-10","-0.93","210918662200"
"001210","금호전기","KOSPI","전기전자","1320","-20","-1.49","32136972120"
"073240","금호타이어","KOSPI","화학","3445","45","1.32","989611688715"
"092440","기신정기","KOSPI","기계","3700","-20","-0.54","108040000000"
"000270","기아","KOSPI","운수장비","80800","600","0.75","32753358437600"
"024110","기업은행","KOSPI","은행","9430","-30","-0.32","7018754535410"
"013700","까뮤이앤씨","KOSPI","건설업","2180","20","0.93","98431970400"
"004540","깨끗한나라","KOSPI","종이목재","3455","-30","-0.86","128666594315"
"004545","깨끗한나라우","KOSPI","종이목재","19000","0","0.00","6957040000"
"001260","남광토건","KOSPI","건설업","11750","1000","9.30","115490914500"
"008350","남선알미늄","KOSPI","철강금속","2105","-55","-2.55","231926984450"
"008355","남선알미우","KOSPI","철강금속","22550","150","0.67","6942919500"
"004270","남성","KOSPI","유통업","2115","-15","-0.70","76588718400"
"003920","남양유업","KOSPI","음식료품","384500","-1500","-0.39","276840000000"
"003925","남양유업우","KOSPI","음식료품","213500","-500","-0.23","35582337000"
"025860","남해화학","KOSPI","화학","10550","300","2.93","524111793650"
"005720","넥센","KOSPI","화학","4065","55","1.37","217656266505"
"005725","넥센우","KOSPI","화학","2930","95","3.35","10549758000"
"002350","넥센타이어","KOSPI","화학","7330","840","12.94","715905538410"
"002355","넥센타이어1우B","KOSPI","화학","2970","115","4.03","19305000000"
"251270","넷마블","KOSPI","서비스업","60000","-900","-1.48","5157210120000"
"090350","노루페인트","KOSPI","화학","9550","440","4.83","191000000000"
"090355","노루페인트우","KOSPI","화학","16400","1200","7.89","7595266400"
"000320","노루홀딩스","KOSPI","기타금융","12350","100","0.82","164145714850"
"000325","노루홀딩스우","KOSPI","기타금융","21350","400","1.91","5199984650"
"006280","녹십자","KOSPI","의약품","155500","-4000","-2.51","1817256659000"
"005250","녹십자홀딩스","KOSPI","서비스업","18450","0","0.00","867670474500"
"005257","녹십자홀딩스2우","KOSPI","서비스업","49550","750","1.54","41918804500"
"004370","농심","KOSPI","음식료품","299000","1000","0.34","1818709958000"
"072710","농심홀딩스","KOSPI","기타금융","67300","300","0.45","312123267000"
"058730","다스코","KOSPI","기계","6000","250","4.35","110295090000"
"030210","다올투자증권","KOSPI","증권","4480","-25","-0.55","270207132160"
"023590","다우기술","KOSPI","서비스업","18650","50","0.27","836762407050"
"145210","다이나믹디자인","KOSPI","기계","3995","-435","-9.82","21078850460"
"019680","대교","KOSPI","서비스업","2960","-10","-0.34","250720436000"
"019685","대교우B","KOSPI","서비스업","2105","-20","-0.94","40893813950"
"006370","대구백화점","KOSPI","유통업","10750","-150","-1.38","116332318250"
"008060","대덕","KOSPI","기타금융","6700","-50","-0.74","227064005000"
"00806K","대덕1우","KOSPI","기타금융","8940","-40","-0.45","10838471580"
"353200","대덕전자","KOSPI","전기전자","29250","-500","-1.68","1445445056250"
"35320K","대덕전자1우","KOSPI","전기전자","12500","-150","-1.19","26193987500"
"000490","대동","KOSPI","기계","11600","100","0.87","277615306400"
"008110","대동전자","KOSPI","전기전자","16700","-450","-2.62","175190464900"
"005750","대림B&Co","KOSPI","비금속광물","5090","-60","-1.17","84861701600"
"006570","대림통상","KOSPI","기계","3540","-65","-1.80","53896500000"
"001680","대상","KOSPI","음식료품","22100","0","0.00","765721352500"
"001685","대상우","KOSPI","음식료품","15800","0","0.00","21649523400"
"084690","대상홀딩스","KOSPI","기타금융","8050","-80","-0.98","291510930900"
"084695","대상홀딩스우","KOSPI","기타금융","9990","-60","-0.60","9125685180"
"128820","대성산업","KOSPI","유통업","4895","-100","-2.00","221427664810"
"117580","대성에너지","KOSPI","전기가스업","13100","-450","-3.32","360250000000"
"016710","대성홀딩스","KOSPI","서비스업","88300","400","0.46","1420699229700"
"003540","대신증권","KOSPI","증권","15250","0","0.00","774294350000"
"003547","대신증권2우B","KOSPI","증권","13750","-50","-0.36","137500000000"
"003545","대신증권우","KOSPI","증권","14050","-50","-0.35","365300000000"
"009190","대양금속","KOSPI","철강금속","3470","10","0.29","112271031080"
"014160","대영포장","KOSPI","종이목재","1640","-15","-0.91","177767060360"
"047040","대우건설","KOSPI","건설업","4970","-50","-1.00","2065644510860"
"009320","대우부품","KOSPI","운수장비","1985","0","0.00","94578054375"
"042660","대우조선해양","KOSPI","운수장비","19000","-250","-1.30","2038522711000"
"003090","대웅","KOSPI","의약품","23750","250","1.06","1380872025000"
"069620","대웅제약","KOSPI","의약품","166500","-3000","-1.77","1929164737500"
"000430","대원강업","KOSPI","운수장비","3170","10","0.32","196540000000"
"006340","대원전선","KOSPI","전기전자","1460","-45","-2.99","105068219640"
"006345","대원전선우","KOSPI","전기전자","2650","-20","-0.75","6946180000"
"003220","대원제약","KOSPI","의약품","16050","150","0.94","350577517800"
"024890","대원화성","KOSPI","화학","2870","-20","-0.69","118385066240"
"002880","대유에이텍","KOSPI","운수장비","821","-15","-1.79","94493351314"
"000300","대유플러스","KOSPI","전기전자","984","-13","-1.30","119062793616"
"012800","대창","KOSPI","철강금속","1370","-20","-1.44","124862483630"
"015230","대창단조","KOSPI","운수장비","5900","350","6.31","168576157000"
"001070","대한방직","KOSPI","섬유의복","51000","0","0.00","270300000000"
"006650","대한유화","KOSPI","화학","117000","-500","-0.43","760500000000"
"001440","대한전선","KOSPI","전기전자","1720","-20","-1.15","2140493575480"
"084010","대한제강","KOSPI","철강금속","13850","-50","-0.36","341357265900"
"001790","대한제당","KOSPI","음식료품","3040","5","0.16","272677603200"
"001795","대한제당우","KOSPI","음식료품","2850","5","0.18","18475866000"
"001130","대한제분","KOSPI","음식료품","144500","-500","-0.34","244205000000"
"003490","대한항공","KOSPI","운수창고업","26150","0","0.00","9628970285150"
"003495","대한항공우","KOSPI","운수창고업","31900","-150","-0.47","35434328600"
"005880","대한해운","KOSPI","운수창고업","2205","-20","-0.90","703786299300"
"003830","대한화섬","KOSPI","화학","108000","-2500","-2.26","143424000000"
"016090","대현","KOSPI","섬유의복","2250","10","0.45","99635197500"
"069460","대호에이엘","KOSPI","철강금속","1975","-15","-0.75","102706950025"
"192080","더블유게임즈","KOSPI","서비스업","42300","100","0.24","777241434600"
"012510","더존비즈온","KOSPI","서비스업","35650","500","1.42","1083146249600"
"004830","덕성","KOSPI","화학","5540","-110","-1.95","86867200000"
"004835","덕성우","KOSPI","화학","6550","-90","-1.36","9117600000"
"024900","덕양산업","KOSPI","운수장비","2940","10","0.34","95741041200"
"145720","덴티움","KOSPI","의료정밀","88700","1500","1.72","981805221000"
"002150","도화엔지니어링","KOSPI","서비스업","10200","1230","13.71","343944000000"
"001230","동국제강","KOSPI","철강금속","12700","50","0.40","1211995759900"
"023450","동남합성","KOSPI","화학","59500","-100","-0.17","214795000000"
"004140","동방","KOSPI","운수창고업","2715","-35","-1.27","130243344690"
"007590","동방아그로","KOSPI","화학","6900","90","1.32","93961281300"
"005960","동부건설","KOSPI","건설업","10450","0","0.00","239038002500"
"005965","동부건설우","KOSPI","건설업","27500","-100","-0.36","6207630000"
"026960","동서","KOSPI","유통업","22800","-1050","-4.40","2273160000000"
"002210","동성제약","KOSPI","의약품","7410","40","0.54","193408187700"
"102260","동성케미컬","KOSPI","서비스업","4660","10","0.22","231554132480"
"000640","동아쏘시오홀딩스","KOSPI","기타금융","106500","1500","1.43","676159234500"
"170900","동아에스티","KOSPI","의약품","55500","-100","-0.18","468782692500"
"028100","동아지질","KOSPI","건설업","16500","50","0.30","231868659000"
"282690","동아타이어","KOSPI","화학","12650","0","0.00","173722639750"
"001520","동양","KOSPI","비금속광물","1095","-20","-1.79","261359048985"
"001527","동양2우B","KOSPI","비금속광물","12900","100","0.78","3980540100"
"084670","동양고속","KOSPI","운수창고업","16350","850","5.48","47342553150"
"082640","동양생명","KOSPI","보험","5500","-50","-0.90","887472217500"
"001525","동양우","KOSPI","비금속광물","6260","-10","-0.16","3866996060"
"008970","동양철관","KOSPI","철강금속","1115","5","0.45","132557098350"
"092780","동양피스톤","KOSPI","운수장비","4810","5","0.10","63340292600"
"049770","동원F&B","KOSPI","음식료품","153000","2000","1.32","590445972000"
"018500","동원금속","KOSPI","운수장비","931","13","1.42","43528842623"
"006040","동원산업","KOSPI","농업, 임업 및 어업","225000","1500","0.67","827469225000"
"030720","동원수산","KOSPI","농업, 임업 및 어업","9830","270","2.82","45746903150"
"014820","동원시스템즈","KOSPI","화학","50900","-100","-0.20","1475656253800"
"014825","동원시스템즈우","KOSPI","화학","32650","250","0.77","8623224150"
"163560","동일고무벨트","KOSPI","화학","6940","-10","-0.14","96466000000"
"004890","동일산업","KOSPI","철강금속","180000","0","0.00","436538700000"
"002690","동일제강","KOSPI","철강금속","2965","-85","-2.79","60190567400"
"000020","동화약품","KOSPI","의약품","9650","-90","-0.92","269538685500"
"000150","두산","KOSPI","기타금융","78000","-700","-0.89","1288859130000"
"000157","두산2우B","KOSPI","기타금융","92300","200","0.22","82427407400"
"241560","두산밥캣","KOSPI","기계","33600","-400","-1.18","3368371977600"
"034020","두산에너빌리티","KOSPI","기계","19100","-100","-0.52","12191683430300"
"000155","두산우","KOSPI","기타금융","48950","-1450","-2.88","195626814900"
"336260","두산퓨얼셀","KOSPI","전기전자","35500","-1150","-3.14","2325027273000"
"33626K","두산퓨얼셀1우","KOSPI","전기전자","11800","-300","-2.48","157697560000"
"33626L","두산퓨얼셀2우B","KOSPI","전기전자","14550","-100","-0.68","43450665000"
"016740","두올","KOSPI","운수장비","2825","0","0.00","93413371000"
"192650","드림텍","KOSPI","전기전자","9340","20","0.21","629333841980"
"024090","디씨엠","KOSPI","철강금속","17350","-700","-3.88","197790000000"
"003160","디아이","KOSPI","의료정밀","5970","-110","-1.81","188035806450"
"092200","디아이씨","KOSPI","운수장비","4015","-5","-0.12","156137604535"
"377190","디앤디플랫폼리츠","KOSPI","서비스업","4530","-30","-0.66","291732000000"
"013570","디와이","KOSPI","기타금융","6680","-120","-1.76","175815148440"
"210540","디와이파워","KOSPI","기계","11700","-300","-2.50","129187983600"
"115390","락앤락","KOSPI","화학","7700","0","0.00","386543418800"
"032350","롯데관광개발","KOSPI","서비스업","11950","-450","-3.63","864375179450"
"089860","롯데렌탈","KOSPI","서비스업","35850","-200","-0.55","1313331158550"
"330590","롯데리츠","KOSPI","서비스업","5070","-20","-0.39","1231852241880"
"000400","롯데손해보험","KOSPI","보험","1610","10","0.63","499641475200"
"023530","롯데쇼핑","KOSPI","유통업","96800","700","0.73","2738351484000"
"004000","롯데정밀화학","KOSPI","화학","68600","100","0.15","1769880000000"
"286940","롯데정보통신","KOSPI","서비스업","26700","0","0.00","411082037700"
"280360","롯데제과","KOSPI","음식료품","127000","3000","2.42","1198190898000"
"004990","롯데지주","KOSPI","기타금융","40950","-450","-1.09","4296033255150"
"00499K","롯데지주우","KOSPI","기타금융","50900","-600","-1.17","41005192700"
"005300","롯데칠성","KOSPI","음식료품","156500","2500","1.62","1452145346000"
"005305","롯데칠성우","KOSPI","음식료품","68900","100","0.15","53418859000"
"011170","롯데케미칼","KOSPI","화학","169000","-1500","-0.88","5792545811000"
"071840","롯데하이마트","KOSPI","유통업","15550","-50","-0.32","367099921600"
"027740","마니커","KOSPI","음식료품","1430","-10","-0.69","90821056040"
"357430","마스턴프리미어리츠","KOSPI","서비스업","4770","-5","-0.10","126786600000"
"204320","만도","KOSPI","운수장비","52800","0","0.00","2479335936000"
"001080","만호제강","KOSPI","철강금속","28650","600","2.14","118897500000"
"088980","맥쿼리인프라","KOSPI","기타금융","12650","0","0.00","5121296169550"
"094800","맵스리얼티1","KOSPI","기타금융","4475","-5","-0.11","415433631225"
"138040","메리츠금융지주","KOSPI","기타금융","28300","-1000","-3.41","3646123720200"
"008560","메리츠증권","KOSPI","증권","4590","-45","-0.97","2936271557610"
"000060","메리츠화재","KOSPI","보험","36750","-200","-0.54","4292473500000"
"090370","메타랩스","KOSPI","섬유의복","719","-5","-0.69","89532359112"
"017180","명문제약","KOSPI","의약품","3030","-10","-0.33","102878965620"
"009900","명신산업","KOSPI","운수장비","22250","1050","4.95","1167460459250"
"012690","모나리자","KOSPI","종이목재","3430","-30","-0.87","125439404650"
"005360","모나미","KOSPI","유통업","3630","-40","-1.09","68597224410"
"204210","모두투어리츠","KOSPI","서비스업","4705","10","0.21","36825164575"
"009680","모토닉","KOSPI","운수장비","8510","110","1.31","280830000000"
"009580","무림P&P","KOSPI","종이목재","4630","-50","-1.07","288765340120"
"009200","무림페이퍼","KOSPI","종이목재","2585","0","0.00","107560066350"
"033920","무학","KOSPI","음식료품","6490","-30","-0.46","184965000000"
"008420","문배철강","KOSPI","철강금속","3860","-40","-1.03","79143529300"
"025560","미래산업","KOSPI","의료정밀","9940","-310","-3.02","44252949580"
"007120","미래아이앤지","KOSPI","서비스업","300","3","1.01","41825377200"
"396690","미래에셋글로벌리츠","KOSPI","서비스업","4785","-15","-0.31","139052100000"
"357250","미래에셋맵스리츠","KOSPI","서비스업","4270","-5","-0.12","85827000000"
"085620","미래에셋생명","KOSPI","보험","2985","-10","-0.33","528393324165"
"006800","미래에셋증권","KOSPI","증권","6470","-10","-0.15","3981097159760"
"00680K","미래에셋증권2우B","KOSPI","증권","3795","-10","-0.26","531300000000"
"006805","미래에셋증권우","KOSPI","증권","4615","-5","-0.11","64959586250"
"002840","미원상사","KOSPI","화학","175000","-500","-0.28","869750000000"
"268280","미원에스씨","KOSPI","화학","191500","0","0.00","976650000000"
"107590","미원홀딩스","KOSPI","기타금융","129500","-1500","-1.15","300440000000"
"134380","미원화학","KOSPI","화학","65600","-800","-1.20","144271980800"
"003650","미창석유","KOSPI","화학","77000","600","0.79","133954744000"
"155900","바다로19호","KOSPI","서비스업","3325","-5","-0.15","50540013300"
"003610","방림","KOSPI","섬유의복","4490","-210","-4.47","189990264100"
"001340","백광산업","KOSPI","화학","4240","-40","-0.93","190454045680"
"035150","백산","KOSPI","화학","11050","900","8.87","268901750000"
"002410","범양건영","KOSPI","건설업","4305","100","2.38","106901682510"
"096300","베트남개발1","KOSPI","기타금융","217","0","0.00","29876605787"
"007210","벽산","KOSPI","비금속광물","2495","-55","-2.16","171057200000"
"002760","보락","KOSPI","화학","1650","5","0.30","98835000000"
"003850","보령","KOSPI","의약품","10150","150","1.50","697203500000"
"000890","보해양조","KOSPI","음식료품","711","-1","-0.14","98914411719"
"003000","부광약품","KOSPI","의약품","8830","-30","-0.34","627486722670"
"001270","부국증권","KOSPI","증권","22100","150","0.68","229174480600"
"001275","부국증권우","KOSPI","증권","20000","0","0.00","60000000000"
"026940","부국철강","KOSPI","철강금속","3680","-20","-0.54","73600000000"
"011390","부산산업","KOSPI","비금속광물","87000","-600","-0.68","91872000000"
"005030","부산주공","KOSPI","운수장비","803","27","3.48","54977156509"
"002070","비비안","KOSPI","섬유의복","1720","-50","-2.82","51245662800"
"100220","비상교육","KOSPI","서비스업","6030","-220","-3.52","78370348230"
"030790","비케이탑스","KOSPI","서비스업","904","0","0.00","19208323080"
"005180","빙그레","KOSPI","음식료품","45050","-50","-0.11","443798407050"
"003960","사조대림","KOSPI","음식료품","25950","-250","-0.95","237817918650"
"008040","사조동아원","KOSPI","음식료품","1335","-40","-2.91","188428041000"
"007160","사조산업","KOSPI","농업, 임업 및 어업","45250","300","0.67","226250000000"
"014710","사조씨푸드","KOSPI","음식료품","5310","-60","-1.12","91430463330"
"006090","사조오양","KOSPI","음식료품","9080","-80","-0.87","85558470120"
"001470","삼부토건","KOSPI","건설업","1915","-25","-1.29","359394513125"
"006400","삼성SDI","KOSPI","전기전자","576000","1000","0.17","39608369280000"
"006405","삼성SDI우","KOSPI","전기전자","299000","-1000","-0.33","483750904000"
"006660","삼성공조","KOSPI","운수장비","13350","250","1.91","108486291900"
"028260","삼성물산","KOSPI","유통업","116000","-1000","-0.85","21678901396000"
"02826K","삼성물산우B","KOSPI","유통업","103500","-500","-0.48","168438487500"
"207940","삼성바이오로직스","KOSPI","의약품","838000","12000","1.45","59643812000000"
"032830","삼성생명","KOSPI","보험","64100","2500","4.06","12820000000000"
"018260","삼성에스디에스","KOSPI","서비스업","125500","-500","-0.40","9710913900000"
"028050","삼성엔지니어링","KOSPI","서비스업","22400","-50","-0.22","4390400000000"
"009150","삼성전기","KOSPI","전기전자","136500","1500","1.11","10195689504000"
"009155","삼성전기우","KOSPI","전기전자","73100","700","0.97","212500530400"
"005930","삼성전자","KOSPI","전기전자","57500","-900","-1.54","343262496625000"
"005935","삼성전자우","KOSPI","전기전자","53100","-600","-1.12","43695283770000"
"001360","삼성제약","KOSPI","의약품","3515","-40","-1.13","236074707685"
"010140","삼성중공업","KOSPI","운수장비","5660","-80","-1.39","4980800000000"
"010145","삼성중공우","KOSPI","운수장비","217000","-2000","-0.91","24921365000"
"016360","삼성증권","KOSPI","증권","33300","0","0.00","2973690000000"
"068290","삼성출판사","KOSPI","서비스업","26750","-300","-1.11","267500000000"
"029780","삼성카드","KOSPI","기타금융","31000","-50","-0.16","3591625621000"
"000810","삼성화재","KOSPI","보험","192000","0","0.00","9095968704000"
"000815","삼성화재우","KOSPI","보험","158000","-500","-0.32","504336000000"
"006110","삼아알미늄","KOSPI","철강금속","28250","1850","7.01","310750000000"
"145990","삼양사","KOSPI","음식료품","40150","-200","-0.50","414084977350"
"145995","삼양사우","KOSPI","음식료품","32400","-650","-1.97","11990268000"
"003230","삼양식품","KOSPI","음식료품","113500","2000","1.79","854997202500"
"002170","삼양통상","KOSPI","기타제조업","53000","700","1.34","159000000000"
"272550","삼양패키징","KOSPI","화학","19400","-100","-0.51","306300217400"
"000070","삼양홀딩스","KOSPI","기타금융","67400","-800","-1.17","577231865400"
"000075","삼양홀딩스우","KOSPI","기타금융","59500","-100","-0.17","18091451000"
"002810","삼영무역","KOSPI","유통업","13250","100","0.76","244687061000"
"005680","삼영전자","KOSPI","전기전자","10600","-50","-0.47","212000000000"
"003720","삼영화학","KOSPI","화학","2990","40","1.36","101660000000"
"023000","삼원강재","KOSPI","운수장비","2695","5","0.19","107800000000"
"004380","삼익THK","KOSPI","기계","12750","-150","-1.16","267750000000"
"002450","삼익악기","KOSPI","기타제조업","1380","-20","-1.43","124932662700"
"004440","삼일씨엔에스","KOSPI","비금속광물","9000","120","1.35","114587523000"
"000520","삼일제약","KOSPI","의약품","7910","-30","-0.38","108380011950"
"009770","삼정펄프","KOSPI","종이목재","30400","-400","-1.30","75999118400"
"005500","삼진제약","KOSPI","의약품","24800","-50","-0.20","344720000000"
"004690","삼천리","KOSPI","전기가스업","209500","3000","1.45","849527737500"
"010960","삼호개발","KOSPI","건설업","4195","135","3.33","104875000000"
"004450","삼화왕관","KOSPI","기계","45500","300","0.66","98024244500"
"009470","삼화전기","KOSPI","전기전자","20300","-700","-3.33","134260546000"
"011230","삼화전자","KOSPI","전기전자","2990","-150","-4.78","31269240600"
"001820","삼화콘덴서","KOSPI","전기전자","40950","150","0.37","425675250000"
"000390","삼화페인트","KOSPI","화학","7660","100","1.32","208378572540"
"001290","상상인증권","KOSPI","증권","969","-1","-0.10","104978669280"
"041650","상신브레이크","KOSPI","운수장비","3130","-35","-1.11","67205638500"
"075180","새론오토모티브","KOSPI","운수장비","5140","90","1.78","98688000000"
"007540","샘표","KOSPI","기타금융","47050","-1350","-2.79","135306390000"
"248170","샘표식품","KOSPI","음식료품","35900","-650","-1.78","164001467400"
"007860","서연","KOSPI","기타금융","6510","-70","-1.06","152853784440"
"200880","서연이화","KOSPI","운수장비","8570","270","3.25","231633705090"
"017390","서울가스","KOSPI","전기가스업","259500","2500","0.97","1297500000000"
"004410","서울식품","KOSPI","음식료품","248","-1","-0.40","92939378632"
"004415","서울식품우","KOSPI","음식료품","3130","0","0.00","6962685000"
"021050","서원","KOSPI","철강금속","1395","5","0.36","66227053050"
"008490","서흥","KOSPI","화학","34100","-350","-1.02","394506753300"
"007610","선도전기","KOSPI","전기전자","3000","0","0.00","54000000000"
"136490","선진","KOSPI","음식료품","9730","-130","-1.32","231375546920"
"014910","성문전자","KOSPI","전기전자","1800","-25","-1.37","35076342600"
"014915","성문전자우","KOSPI","전기전자","8190","-120","-1.44","4914000000"
"003080","성보화학","KOSPI","화학","3490","25","0.72","69869800000"
"004980","성신양회","KOSPI","비금속광물","10050","-50","-0.50","246386533650"
"004985","성신양회우","KOSPI","비금속광물","14200","-100","-0.70","10446159000"
"011300","성안","KOSPI","섬유의복","1060","97","10.07","60269331600"
"000180","성창기업지주","KOSPI","서비스업","2160","-10","-0.46","150663456000"
"002420","세기상사","KOSPI","유통업","8330","-190","-2.23","44091922840"
"004360","세방","KOSPI","운수창고업","14050","200","1.44","271287094500"
"004365","세방우","KOSPI","운수창고업","7410","30","0.41","27337342500"
"004490","세방전지","KOSPI","전기전자","50400","300","0.60","705600000000"
"001430","세아베스틸지주","KOSPI","철강금속","20000","1100","5.82","717242380000"
"306200","세아제강","KOSPI","철강금속","181500","-2500","-1.36","514788450000"
"003030","세아제강지주","KOSPI","기타금융","175000","-500","-0.28","724789975000"
"019440","세아특수강","KOSPI","철강금속","20950","-300","-1.41","179541500000"
"058650","세아홀딩스","KOSPI","철강금속","110500","-2000","-1.78","442000000000"
"013000","세우글로벌","KOSPI","유통업","1520","-40","-2.56","43631647120"
"091090","세원이앤씨","KOSPI","기계","808","-35","-4.15","142703379144"
"021820","세원정공","KOSPI","운수장비","8090","0","0.00","80900000000"
"067830","세이브존I&C","KOSPI","유통업","2725","-50","-1.80","111836438875"
"033530","세종공업","KOSPI","운수장비","6140","230","3.89","170820700540"
"075580","세진중공업","KOSPI","운수장비","7500","-200","-2.60","426370920000"
"027970","세하","KOSPI","종이목재","1330","-40","-2.92","76558786010"
"308170","센트랄모텍","KOSPI","운수장비","17200","450","2.69","148092000000"
"012600","센트럴인사이트","KOSPI","기계","2490","0","0.00","45159499050"
"068270","셀트리온","KOSPI","의약품","184500","-2000","-1.07","25976099277000"
"336370","솔루스첨단소재","KOSPI","전기전자","39500","-450","-1.13","1386892202500"
"33637K","솔루스첨단소재1우","KOSPI","전기전자","9940","130","1.33","84044876860"
"33637L","솔루스첨단소재2우B","KOSPI","전기전자","13300","-50","-0.37","25128355000"
"248070","솔루엠","KOSPI","전기전자","20550","150","0.74","1027614073050"
"004430","송원산업","KOSPI","화학","18400","0","0.00","441600000000"
"126720","수산인더스트리","KOSPI","건설업","29800","-1550","-4.94","425722800000"
"017550","수산중공업","KOSPI","기계","2955","5","0.17","159526156665"
"053210","스카이라이프","KOSPI","서비스업","8810","510","6.14","421311520460"
"026890","스틱인베스트먼트","KOSPI","기타금융","7230","-70","-0.96","301333205250"
"134790","시디즈","KOSPI","기타제조업","58700","900","1.56","117400000000"
"016590","신대양제지","KOSPI","종이목재","85000","-300","-0.35","342531470000"
"029530","신도리코","KOSPI","전기전자","32600","-50","-0.15","328608945400"
"004970","신라교역","KOSPI","농업, 임업 및 어업","11450","-50","-0.43","183200000000"
"011930","신성이엔지","KOSPI","전기전자","2320","-55","-2.32","477567710320"
"005390","신성통상","KOSPI","유통업","2785","-15","-0.54","400227866150"
"004170","신세계","KOSPI","유통업","220000","-500","-0.23","2165939820000"
"035510","신세계 I&C","KOSPI","서비스업","14950","-250","-1.64","257140000000"
"034300","신세계건설","KOSPI","건설업","25100","-50","-0.20","100400000000"
"031430","신세계인터내셔날","KOSPI","유통업","27800","400","1.46","992460000000"
"031440","신세계푸드","KOSPI","서비스업","57700","-300","-0.52","223442096000"
"006880","신송홀딩스","KOSPI","유통업","9160","-280","-2.97","108352339280"
"005800","신영와코루","KOSPI","섬유의복","11800","-150","-1.26","106200000000"
"001720","신영증권","KOSPI","증권","55800","-500","-0.89","523752024600"
"001725","신영증권우","KOSPI","증권","56900","0","0.00","401359114700"
"009270","신원","KOSPI","섬유의복","1625","-5","-0.31","155299321125"
"002700","신일전자","KOSPI","유통업","1910","-10","-0.52","135700765110"
"019170","신풍제약","KOSPI","의약품","26500","-550","-2.03","1404102235000"
"019175","신풍제약우","KOSPI","의약품","41850","-450","-1.06","92070000000"
"002870","신풍제지","KOSPI","유통업","1535","-50","-3.15","53661604500"
"404990","신한서부티엔디리츠","KOSPI","서비스업","4665","-30","-0.64","261034198860"
"293940","신한알파리츠","KOSPI","서비스업","7910","-50","-0.63","583996272930"
"055550","신한지주","KOSPI","기타금융","34600","-300","-0.86","17747520932600"
"004080","신흥","KOSPI","유통업","15900","50","0.32","151050000000"
"102280","쌍방울","KOSPI","섬유의복","505","-19","-3.63","132609025145"
"003410","쌍용C&E","KOSPI","비금속광물","6680","-140","-2.05","3365782094600"
"003620","쌍용차","KOSPI","운수장비","2770","0","0.00","415056805540"
"004770","써니전자","KOSPI","전기전자","2565","-60","-2.29","89377453215"
"015540","쎌마테라퓨틱스","KOSPI","서비스업","6410","0","0.00","157390672070"
"403550","쏘카","KOSPI","서비스업","23200","-1550","-6.26","759235126400"
"004920","씨아이테크","KOSPI","기타제조업","1070","-60","-5.31","46662767410"
"112610","씨에스윈드","KOSPI","기계","64100","-3000","-4.47","2703186932300"
"008700","아남전자","KOSPI","전기전자","2415","75","3.21","186256440300"
"002790","아모레G","KOSPI","화학","33800","-700","-2.03","2787086484000"
"00279K","아모레G3우(전환)","KOSPI","화학","28050","-50","-0.18","198936210000"
"002795","아모레G우","KOSPI","화학","13700","-100","-0.72","88279649000"
"090430","아모레퍼시픽","KOSPI","화학","119500","-500","-0.42","6989884700500"
"090435","아모레퍼시픽우","KOSPI","화학","47300","450","0.96","499385359000"
"002030","아세아","KOSPI","서비스업","122000","1000","0.83","267304928000"
"183190","아세아시멘트","KOSPI","비금속광물","12050","-100","-0.82","469444984500"
"002310","아세아제지","KOSPI","종이목재","36400","350","0.97","326016672800"
"012170","아센디오","KOSPI","서비스업","1140","10","0.88","91780483440"
"267850","아시아나IDT","KOSPI","서비스업","13950","-250","-1.76","154845000000"
"020560","아시아나항공","KOSPI","운수창고업","14600","-300","-2.01","1086411754400"
"122900","아이마켓코리아","KOSPI","유통업","10200","0","0.00","340974168000"
"010780","아이에스동서","KOSPI","비금속광물","36700","-150","-0.41","1133758640200"
"139990","아주스틸","KOSPI","철강금속","10500","-200","-1.87","277747984500"
"001780","알루코","KOSPI","철강금속","2960","-20","-0.67","266309518720"
"018250","애경산업","KOSPI","화학","13700","-50","-0.36","361816109500"
"161000","애경케미칼","KOSPI","화학","10100","-200","-1.94","491351960900"
"011090","에넥스","KOSPI","기타제조업","1285","-15","-1.15","77089258685"
"137310","에스디바이오센서","KOSPI","의료정밀","33200","-150","-0.45","3428608919600"
"005850","에스엘","KOSPI","운수장비","39600","1150","2.99","1839361392000"
"010580","에스엠벡셀","KOSPI","운수장비","1530","0","0.00","170215192800"
"012750","에스원","KOSPI","서비스업","56900","500","0.89","2162153228200"
"023960","에쓰씨엔지니어링","KOSPI","건설업","2130","85","4.16","66561126150"
"298690","에어부산","KOSPI","운수창고업","3155","-115","-3.52","203939200000"
"140910","에이리츠","KOSPI","서비스업","5310","-20","-0.38","23698699920"
"078520","에이블씨엔씨","KOSPI","화학","5630","10","0.18","152198374170"
"015260","에이엔피","KOSPI","전기전자","2060","-120","-5.50","59838507140"
"007460","에이프로젠","KOSPI","기계","1395","-10","-0.71","1061560915965"
"003060","에이프로젠제약","KOSPI","의약품","604","1","0.17","240739832728"
"244920","에이플러스에셋","KOSPI","기타금융","6190","70","1.14","139941619670"
"036570","엔씨소프트","KOSPI","서비스업","368000","-9000","-2.39","8079080096000"
"380440","엔에이치스팩19호","KOSPI","기타금융","2065","0","0.00","105913850000"
"085310","엔케이","KOSPI","기계","1015","-5","-0.49","81183102280"
"900140","엘브이엠씨홀딩스","KOSPI","유통업","2965","-10","-0.34","294884955605"
"097520","엠씨넥스","KOSPI","전기전자","34250","-750","-2.14","615737321000"
"014440","영보화학","KOSPI","화학","4120","5","0.12","82400000000"
"111770","영원무역","KOSPI","유통업","44050","1300","3.04","1951920165400"
"009970","영원무역홀딩스","KOSPI","기타금융","52200","900","1.75","711777902400"
"003520","영진약품","KOSPI","의약품","3295","-20","-0.60","602631548645"
"000670","영풍","KOSPI","철강금속","662000","-8000","-1.19","1219430480000"
"006740","영풍제지","KOSPI","종이목재","7380","-230","-3.02","163836000000"
"012280","영화금속","KOSPI","운수장비","1170","0","0.00","62471570850"
"012160","영흥","KOSPI","철강금속","793","-9","-1.12","80339124996"
"015360","예스코홀딩스","KOSPI","서비스업","34400","-100","-0.29","206400000000"
"007310","오뚜기","KOSPI","음식료품","475500","3000","0.63","1746026965500"
"002630","오리엔트바이오","KOSPI","의약품","744","0","0.00","88225755720"
"271560","오리온","KOSPI","음식료품","97000","-500","-0.51","3835004804000"
"001800","오리온홀딩스","KOSPI","기타금융","14100","-50","-0.35","883300450200"
"011690","와이투솔루션","KOSPI","전기전자","707","1","0.14","112579595359"
"070960","용평리조트","KOSPI","서비스업","3820","-20","-0.52","183869332060"
"316140","우리금융지주","KOSPI","기타금융","11450","-100","-0.87","8336293286050"
"010050","우리종금","KOSPI","기타금융","846","-20","-2.31","739576081476"
"006980","우성","KOSPI","음식료품","24900","300","1.22","76941000000"
"017370","우신시스템","KOSPI","기계","2300","-25","-1.08","42122324200"
"105840","우진","KOSPI","의료정밀","12100","-300","-2.42","245915729400"
"010400","우진아이엔에스","KOSPI","건설업","6310","-20","-0.32","48094820000"
"049800","우진플라임","KOSPI","기계","4335","-65","-1.48","86700000000"
"016880","웅진","KOSPI","서비스업","1365","-15","-1.09","109100464200"
"095720","웅진씽크빅","KOSPI","서비스업","2465","-55","-2.18","284722253025"
"005820","원림","KOSPI","섬유의복","22250","-450","-1.98","51129832500"
"010600","웰바이오텍","KOSPI","유통업","1595","-5","-0.31","105959205880"
"008600","윌비스","KOSPI","유통업","897","-2","-0.22","60310726983"
"033270","유나이티드제약","KOSPI","의약품","23700","-450","-1.86","385002281400"
"014830","유니드","KOSPI","화학","100000","0","0.00","888984300000"
"000910","유니온","KOSPI","비금속광물","5910","-240","-3.90","92264668290"
"047400","유니온머티리얼","KOSPI","비금속광물","3245","-175","-5.12","136290000000"
"011330","유니켐","KOSPI","기타제조업","1185","5","0.42","86411836485"
"077500","유니퀘스트","KOSPI","유통업","8660","10","0.12","236842123500"
"002920","유성기업","KOSPI","운수장비","2795","-45","-1.58","72523262500"
"000700","유수홀딩스","KOSPI","서비스업","6300","-120","-1.87","164063415600"
"003470","유안타증권","KOSPI","증권","2820","0","0.00","562862344320"
"003475","유안타증권우","KOSPI","증권","2850","5","0.18","36799804200"
"072130","유엔젤","KOSPI","서비스업","3370","-15","-0.44","44468679980"
"000220","유유제약","KOSPI","의약품","6400","90","1.43","110287046400"
"000225","유유제약1우","KOSPI","의약품","8890","0","0.00","20153007700"
"000227","유유제약2우B","KOSPI","의약품","16750","0","0.00","5453130000"
"001200","유진투자증권","KOSPI","증권","2810","-35","-1.23","272194634580"
"000100","유한양행","KOSPI","의약품","56000","-100","-0.18","4100962656000"
"000105","유한양행우","KOSPI","의약품","55700","0","0.00","65778358000"
"003460","유화증권","KOSPI","증권","2420","0","0.00","137219844300"
"003465","유화증권우","KOSPI","증권","2525","5","0.20","44127973125"
"008730","율촌화학","KOSPI","화학","31000","-1000","-3.13","768800000000"
"008250","이건산업","KOSPI","종이목재","8930","-50","-0.56","97807030550"
"025820","이구산업","KOSPI","철강금속","3005","-30","-0.99","100493210000"
"214320","이노션","KOSPI","서비스업","42250","50","0.12","845000000000"
"088260","이리츠코크렙","KOSPI","서비스업","5690","-20","-0.35","360413647100"
"139480","이마트","KOSPI","유통업","97000","300","0.31","2703954443000"
"007660","이수페타시스","KOSPI","전기전자","6630","40","0.61","419323757970"
"005950","이수화학","KOSPI","화학","23850","50","0.21","666835124400"
"015020","이스타코","KOSPI","서비스업","1155","-20","-1.70","49493598000"
"093230","이아이디","KOSPI","유통업","1345","10","0.75","127508533980"
"074610","이엔플러스","KOSPI","기계","3105","-35","-1.11","179285711850"
"102460","이연제약","KOSPI","의약품","22600","-250","-1.09","406767840200"
"084680","이월드","KOSPI","기타제조업","1855","-20","-1.07","263050488015"
"350520","이지스레지던스리츠","KOSPI","서비스업","4595","-45","-0.97","130307845115"
"334890","이지스밸류리츠","KOSPI","서비스업","4835","10","0.21","177663694725"
"000760","이화산업","KOSPI","유통업","15800","-300","-1.86","44240000000"
"014990","인디에프","KOSPI","섬유의복","785","75","10.56","55509701075"
"101140","인바이오젠","KOSPI","유통업","2005","-5","-0.25","107060624100"
"006490","인스코비","KOSPI","통신업","1900","-50","-2.56","208789740300"
"023800","인지컨트롤스","KOSPI","운수장비","7510","40","0.54","115152429630"
"034590","인천도시가스","KOSPI","전기가스업","27600","-450","-1.60","120743210400"
"129260","인터지스","KOSPI","운수창고업","3290","280","9.30","97870505460"
"023810","인팩","KOSPI","운수장비","7670","-60","-0.78","76700000000"
"249420","일동제약","KOSPI","의약품","35750","300","0.85","958217438750"
"000230","일동홀딩스","KOSPI","의약품","28500","-250","-0.87","328901400000"
"013360","일성건설","KOSPI","건설업","3170","15","0.48","171258869600"
"003120","일성신약","KOSPI","의약품","87000","7700","9.71","231420000000"
"003200","일신방직","KOSPI","섬유의복","108500","-500","-0.46","260400000000"
"007110","일신석재","KOSPI","유통업","1425","-15","-1.04","110375669250"
"007570","일양약품","KOSPI","의약품","20950","-200","-0.95","399844660800"
"007575","일양약품우","KOSPI","의약품","24200","-200","-0.82","10770936000"
"008500","일정실업","KOSPI","섬유의복","22300","-1700","-7.08","26760000000"
"081000","일진다이아","KOSPI","화학","21450","-200","-0.92","304653813750"
"020760","일진디스플","KOSPI","전기전자","1715","-45","-2.56","88346065815"
"020150","일진머티리얼즈","KOSPI","전기전자","68800","-1200","-1.71","3172425448000"
"103590","일진전기","KOSPI","전기전자","5380","-140","-2.54","199492498200"
"271940","일진하이솔루스","KOSPI","운수장비","36300","-1100","-2.94","1318168797000"
"015860","일진홀딩스","KOSPI","기타금융","5560","-80","-1.42","274372005480"
"226320","잇츠한불","KOSPI","화학","16500","0","0.00","361833697500"
"317400","자이에스앤디","KOSPI","서비스업","7650","-100","-1.29","296686278000"
"033240","자화전자","KOSPI","전기전자","28200","-300","-1.05","557984319600"
"000950","전방","KOSPI","섬유의복","65400","400","0.62","109872000000"
"348950","제이알글로벌리츠","KOSPI","서비스업","4560","-60","-1.30","900034560000"
"194370","제이에스코퍼레이션","KOSPI","기타제조업","16900","100","0.60","225371656900"
"025620","제이준코스메틱","KOSPI","화학","854","-8","-0.93","65743288996"
"030000","제일기획","KOSPI","서비스업","21600","50","0.23","2484890460000"
"271980","제일약품","KOSPI","의약품","20600","-350","-1.67","302920363200"
"001560","제일연마","KOSPI","비금속광물","8630","80","0.94","86300000000"
"002620","제일파마홀딩스","KOSPI","서비스업","12250","-200","-1.61","195673598750"
"006220","제주은행","KOSPI","은행","6200","160","2.65","199198398800"
"089590","제주항공","KOSPI","운수창고업","15950","50","0.31","793666704600"
"004910","조광페인트","KOSPI","화학","8450","270","3.30","108160000000"
"004700","조광피혁","KOSPI","기타제조업","45100","150","0.33","299876123800"
"001550","조비","KOSPI","화학","20900","1200","6.09","108517795100"
"000480","조선내화","KOSPI","비금속광물","77700","-100","-0.13","310800000000"
"120030","조선선재","KOSPI","기계","133500","-3500","-2.55","167896408500"
"018470","조일알미늄","KOSPI","철강금속","2205","50","2.32","277458944805"
"002600","조흥","KOSPI","음식료품","179000","2000","1.13","107400000000"
"185750","종근당","KOSPI","의약품","85500","1100","1.30","1024977249000"
"063160","종근당바이오","KOSPI","의약품","27650","-200","-0.72","151686849300"
"001630","종근당홀딩스","KOSPI","의약품","58900","0","0.00","295080812900"
"044380","주연테크","KOSPI","전기전자","800","-11","-1.36","47359395200"
"013890","지누스","KOSPI","기타제조업","40050","-600","-1.48","690158861550"
"013870","지엠비코리아","KOSPI","운수장비","5480","10","0.18","104516094400"
"071320","지역난방공사","KOSPI","전기가스업","31550","50","0.16","365309373200"
"035000","지투알","KOSPI","서비스업","5940","20","0.34","98410409460"
"088790","진도","KOSPI","유통업","2675","-70","-2.55","33297715200"
"003780","진양산업","KOSPI","화학","6570","-70","-1.05","85410000000"
"010640","진양폴리","KOSPI","화학","5500","-120","-2.14","55000000000"
"100250","진양홀딩스","KOSPI","화학","3365","15","0.45","188087657580"
"051630","진양화학","KOSPI","화학","3630","-50","-1.36","57354000000"
"272450","진에어","KOSPI","운수창고업","16850","-600","-3.44","879570000000"
"011000","진원생명과학","KOSPI","의약품","10450","-200","-1.88","812504209550"
"002780","진흥기업","KOSPI","건설업","1585","0","0.00","230572715825"
"002787","진흥기업2우B","KOSPI","건설업","14500","150","1.05","4274716000"
"002785","진흥기업우B","KOSPI","건설업","5330","70","1.33","4568971940"
"009310","참엔지니어링","KOSPI","기계","988","16","1.65","58161009972"
"000650","천일고속","KOSPI","운수창고업","65400","-600","-0.91","93470988000"
"033250","체시스","KOSPI","운수장비","1060","5","0.47","33920000000"
"118000","초록뱀헬스케어","KOSPI","유통업","814","-1","-0.12","68949857790"
"035720","카카오","KOSPI","서비스업","70200","-1200","-1.68","31249503745200"
"323410","카카오뱅크","KOSPI","은행","25850","-250","-0.96","12320664146450"
"377300","카카오페이","KOSPI","기타금융","58200","-1000","-1.69","7716832924200"
"006380","카프로","KOSPI","화학","2675","10","0.38","107000000000"
"109070","컨버즈","KOSPI","전기전자","4100","0","0.00","150921943000"
"001620","케이비아이동국실업","KOSPI","운수장비","606","-18","-2.88","52895318424"
"029460","케이씨","KOSPI","의료정밀","17550","-50","-0.28","237873472200"
"281820","케이씨텍","KOSPI","의료정밀","16000","-50","-0.31","333784896000"
"381970","케이카","KOSPI","유통업","20150","-400","-1.95","968943639950"
"145270","케이탑리츠","KOSPI","서비스업","1030","-10","-0.96","49502597220"
"417310","코람코더원리츠","KOSPI","서비스업","5350","0","0.00","216140000000"
"357120","코람코에너지리츠","KOSPI","서비스업","5270","-20","-0.38","466576677980"
"007815","코리아써우","KOSPI","전기전자","7840","-170","-2.12","23243169600"
"007810","코리아써키트","KOSPI","전기전자","18600","-500","-2.62","439345968600"
"00781K","코리아써키트2우B","KOSPI","전기전자","8880","40","0.45","6959247120"
"003690","코리안리","KOSPI","보험","8250","0","0.00","993045207000"
"192820","코스맥스","KOSPI","화학","60100","0","0.00","682105490900"
"044820","코스맥스비티아이","KOSPI","기타금융","8430","20","0.24","80961054030"
"005070","코스모신소재","KOSPI","화학","62700","-400","-0.63","1921802401200"
"005420","코스모화학","KOSPI","화학","24450","-50","-0.20","855951174600"
"071950","코아스","KOSPI","기타제조업","945","-2","-0.21","29207313450"
"002020","코오롱","KOSPI","기타금융","25900","550","2.17","327024433400"
"003070","코오롱글로벌","KOSPI","건설업","18050","100","0.56","455048405900"
"003075","코오롱글로벌우","KOSPI","건설업","30800","600","1.99","9634332400"
"002025","코오롱우","KOSPI","기타금융","17350","450","2.66","18675366500"
"120110","코오롱인더","KOSPI","화학","50200","0","0.00","1381458368200"
"120115","코오롱인더우","KOSPI","화학","27000","-50","-0.18","74732220000"
"138490","코오롱플라스틱","KOSPI","화학","11450","350","3.15","435100000000"
"021240","코웨이","KOSPI","서비스업","61300","-300","-0.49","4523916644700"
"036420","콘텐트리중앙","KOSPI","서비스업","38250","1950","5.37","733341201750"
"031820","콤텍시스템","KOSPI","서비스업","745","-5","-0.67","90183342170"
"192400","쿠쿠홀딩스","KOSPI","기타금융","17400","0","0.00","618782019000"
"284740","쿠쿠홈시스","KOSPI","서비스업","31950","-500","-1.54","716872693500"
"015590","큐로","KOSPI","기계","396","0","0.00","91559808648"
"264900","크라운제과","KOSPI","음식료품","9020","-120","-1.31","112965127000"
"26490K","크라운제과우","KOSPI","음식료품","12350","-100","-0.80","9553466000"
"005740","크라운해태홀딩스","KOSPI","기타금융","7310","70","0.97","108534106570"
"005745","크라운해태홀딩스우","KOSPI","기타금융","11500","-100","-0.86","6908349000"
"259960","크래프톤","KOSPI","서비스업","232000","-4000","-1.69","11384714440000"
"020120","키다리스튜디오","KOSPI","서비스업","8330","0","0.00","304717572530"
"039490","키움증권","KOSPI","증권","81600","-300","-0.37","2139512260800"
"014580","태경비케이","KOSPI","비금속광물","4440","5","0.11","122468964000"
"015890","태경산업","KOSPI","화학","6790","-100","-1.45","198463212500"
"006890","태경케미컬","KOSPI","화학","12300","200","1.65","142680000000"
"003240","태광산업","KOSPI","화학","818000","-5000","-0.61","910761200000"
"011280","태림포장","KOSPI","종이목재","3090","-95","-2.98","218790354600"
"004100","태양금속","KOSPI","운수장비","1275","-5","-0.39","46792500000"
"004105","태양금속우","KOSPI","운수장비","2400","15","0.63","7920000000"
"009410","태영건설","KOSPI","건설업","6220","-40","-0.64","241952389560"
"009415","태영건설우","KOSPI","건설업","9330","0","0.00","12148984860"
"001420","태원물산","KOSPI","운수장비","4745","-85","-1.76","36062000000"
"007980","태평양물산","KOSPI","섬유의복","1725","-5","-0.29","83058037575"
"055490","테이팩스","KOSPI","화학","76100","-1700","-2.19","359013165000"
"078000","텔코웨어","KOSPI","서비스업","9680","-10","-0.10","93922194080"
"214420","토니모리","KOSPI","화학","4450","95","2.18","107043855550"
"019180","티에이치엔","KOSPI","전기전자","3405","45","1.34","61290000000"
"363280","티와이홀딩스","KOSPI","기타금융","16500","-50","-0.30","840332922000"
"36328K","티와이홀딩스우","KOSPI","기타금융","15950","100","0.63","20022641100"
"091810","티웨이항공","KOSPI","운수창고업","2045","0","0.00","327875420555"
"004870","티웨이홀딩스","KOSPI","비금속광물","520","1","0.19","56925526840"
"005690","파미셀","KOSPI","의약품","12850","650","5.33","770472507500"
"036580","팜스코","KOSPI","음식료품","5170","60","1.17","189883465310"
"004720","팜젠사이언스","KOSPI","의약품","7200","-190","-2.57","113982408000"
"028670","팬오션","KOSPI","운수창고업","5030","30","0.60","2688884645360"
"010820","퍼스텍","KOSPI","기계","3675","-155","-4.05","176625865500"
"016800","퍼시스","KOSPI","기타제조업","30250","0","0.00","347875000000"
"001020","페이퍼코리아","KOSPI","종이목재","2000","145","7.82","95133620000"
"090080","평화산업","KOSPI","운수장비","1575","-85","-5.12","86471057925"
"010770","평화홀딩스","KOSPI","운수장비","3350","-15","-0.45","48995311100"
"058430","포스코스틸리온","KOSPI","철강금속","35600","-250","-0.70","213600000000"
"047050","포스코인터내셔널","KOSPI","유통업","25800","-250","-0.96","3183078844200"
"003670","포스코케미칼","KOSPI","비금속광물","164500","1500","0.92","12742699690000"
"017810","풀무원","KOSPI","음식료품","13150","-50","-0.38","501285127300"
"103140","풍산","KOSPI","철강금속","29300","-350","-1.18","821111345400"
"005810","풍산홀딩스","KOSPI","기타금융","28200","-200","-0.70","293548689600"
"950210","프레스티지바이오파마","KOSPI","서비스업","11100","-200","-1.77","667067320500"
"009810","플레이그램","KOSPI","유통업","1340","180","15.52","120220868440"
"086790","하나금융지주","KOSPI","기타금융","37700","200","0.53","11155561045200"
"293480","하나제약","KOSPI","의약품","16450","-50","-0.30","292364961700"
"039130","하나투어","KOSPI","서비스업","56000","-1600","-2.78","898194360000"
"352820","하이브","KOSPI","서비스업","168500","2000","1.20","6968045709500"
"071090","하이스틸","KOSPI","철강금속","3940","-165","-4.02","78797793600"
"019490","하이트론","KOSPI","전기전자","2470","0","0.00","23739723280"
"000080","하이트진로","KOSPI","음식료품","29600","-550","-1.82","2075954885600"
"000087","하이트진로2우B","KOSPI","음식료품","18350","0","0.00","20738032300"
"000140","하이트진로홀딩스","KOSPI","기타금융","11650","150","1.30","270358812250"
"000145","하이트진로홀딩스우","KOSPI","기타금융","14500","0","0.00","6826745000"
"152550","한국ANKOR유전","KOSPI","기타금융","1625","5","0.31","113782500000"
"036460","한국가스공사","KOSPI","전기가스업","42550","450","1.07","3927918150000"
"005430","한국공항","KOSPI","운수창고업","39300","-150","-0.38","124437751500"
"071050","한국금융지주","KOSPI","기타금융","56000","400","0.72","3120655552000"
"071055","한국금융지주우","KOSPI","기타금융","53400","100","0.19","312830603400"
"010040","한국내화","KOSPI","비금속광물","3100","5","0.16","127307892200"
"025540","한국단자","KOSPI","전기전자","65500","600","0.92","682182500000"
"004090","한국석유","KOSPI","비금속광물","11800","-150","-1.26","149790616000"
"002200","한국수출포장","KOSPI","종이목재","25950","200","0.78","103800000000"
"002960","한국쉘석유","KOSPI","화학","250000","-500","-0.20","325000000000"
"000240","한국앤컴퍼니","KOSPI","기타금융","13150","300","2.33","1248398406000"
"123890","한국자산신탁","KOSPI","기타금융","3515","10","0.29","435781798280"
"015760","한국전력","KOSPI","전기가스업","19850","-500","-2.46","12742986928450"
"006200","한국전자홀딩스","KOSPI","기타금융","1390","-10","-0.71","65056359040"
"009540","한국조선해양","KOSPI","운수장비","91100","-1900","-2.04","6447430867600"
"023350","한국종합기술","KOSPI","서비스업","8630","320","3.85","94498500000"
"025890","한국주강","KOSPI","기계","3615","-120","-3.21","40882971285"
"000970","한국주철관","KOSPI","철강금속","7990","100","1.27","182175995000"
"104700","한국철강","KOSPI","철강금속","6760","-20","-0.29","286962000000"
"017960","한국카본","KOSPI","기계","14200","200","1.43","624242749400"
"161890","한국콜마","KOSPI","화학","37650","200","0.53","861476427000"
"024720","한국콜마홀딩스","KOSPI","기타금융","16650","-100","-0.60","309302371350"
"161390","한국타이어앤테크놀로지","KOSPI","화학","38650","950","2.52","4787771416850"
"034830","한국토지신탁","KOSPI","기타금융","1610","5","0.31","406507660300"
"007280","한국특강","KOSPI","철강금속","2605","65","2.56","157450550350"
"168490","한국패러랠","KOSPI","기타금융","2235","5","0.22","178844700000"
"010100","한국프랜지","KOSPI","운수장비","2640","30","1.15","80389108800"
"047810","한국항공우주","KOSPI","운수장비","60600","500","0.83","5906991484200"
"123690","한국화장품","KOSPI","유통업","7060","-80","-1.12","113440080000"
"003350","한국화장품제조","KOSPI","화학","22800","0","0.00","103329600000"
"011500","한농화성","KOSPI","화학","14500","-250","-1.69","226737109000"
"002390","한독","KOSPI","의약품","17050","-50","-0.29","234668237650"
"014790","한라","KOSPI","건설업","3990","15","0.38","151055817990"
"060980","한라홀딩스","KOSPI","기타금융","38000","150","0.40","397938660000"
"053690","한미글로벌","KOSPI","서비스업","22000","2200","11.11","241066100000"
"042700","한미반도체","KOSPI","기계","11900","200","1.71","1177145072600"
"008930","한미사이언스","KOSPI","기타금융","43300","-400","-0.92","2971405517200"
"128940","한미약품","KOSPI","의약품","299000","-3000","-0.99","3683073329000"
"009240","한샘","KOSPI","유통업","51600","-100","-0.19","1214350684800"
"020000","한섬","KOSPI","섬유의복","27500","150","0.55","677325000000"
"003680","한성기업","KOSPI","음식료품","6400","-60","-0.93","39740896000"
"105630","한세실업","KOSPI","섬유의복","15150","100","0.66","606000000000"
"069640","한세엠케이","KOSPI","유통업","3145","35","1.13","94684948790"
"016450","한세예스24홀딩스","KOSPI","섬유의복","5600","30","0.54","224000000000"
"010420","한솔PNS","KOSPI","유통업","1780","70","4.09","36477561360"
"009180","한솔로지스틱스","KOSPI","운수창고업","3180","-10","-0.31","87378211500"
"213500","한솔제지","KOSPI","종이목재","16000","550","3.56","380809216000"
"014680","한솔케미칼","KOSPI","화학","215000","4500","2.14","2437066925000"
"004710","한솔테크닉스","KOSPI","전기전자","5980","70","1.18","192017070440"
"004150","한솔홀딩스","KOSPI","기타금융","3380","5","0.15","141988990260"
"025750","한솔홈데코","KOSPI","종이목재","1320","-10","-0.75","106345996680"
"004960","한신공영","KOSPI","건설업","12800","750","6.22","148104985600"
"011700","한신기계","KOSPI","기계","8490","-260","-2.97","275467821990"
"001750","한양증권","KOSPI","증권","9970","-10","-0.10","126903483980"
"001755","한양증권우","KOSPI","증권","16450","50","0.30","8636250000"
"018880","한온시스템","KOSPI","기계","10150","100","1.00","5418070000000"
"009420","한올바이오파마","KOSPI","의약품","16200","-200","-1.22","846298335600"
"014130","한익스프레스","KOSPI","운수창고업","5010","0","0.00","60120000000"
"300720","한일시멘트","KOSPI","비금속광물","14500","-200","-1.36","1004292330000"
"002220","한일철강","KOSPI","철강금속","3825","-45","-1.16","102117784500"
"006390","한일현대시멘트","KOSPI","비금속광물","23600","50","0.21","419479026000"
"003300","한일홀딩스","KOSPI","비금속광물","11000","50","0.46","339161724000"
"051600","한전KPS","KOSPI","건설업","39100","-300","-0.76","1759500000000"
"052690","한전기술","KOSPI","서비스업","68400","-1100","-1.58","2614248000000"
"130660","한전산업","KOSPI","서비스업","10600","-350","-3.20","345560000000"
"002320","한진","KOSPI","운수창고업","25250","0","0.00","377427607000"
"003480","한진중공업홀딩스","KOSPI","전기가스업","3775","-75","-1.95","111475040300"
"180640","한진칼","KOSPI","운수창고업","48650","-1150","-2.31","3247961375400"
"18064K","한진칼우","KOSPI","운수창고업","29150","150","0.52","15646728900"
"005110","한창","KOSPI","유통업","1020","10","0.99","80605979400"
"009460","한창제지","KOSPI","종이목재","1650","-15","-0.90","98451351900"
"372910","한컴라이프케어","KOSPI","의료정밀","5160","-40","-0.77","142799934960"
"000880","한화","KOSPI","화학","30500","-650","-2.09","2286241417500"
"00088K","한화3우B","KOSPI","화학","15550","0","0.00","349439600000"
"088350","한화생명","KOSPI","보험","2300","65","2.91","1997619000000"
"000370","한화손해보험","KOSPI","보험","4550","-70","-1.52","531162063250"
"009830","한화솔루션","KOSPI","화학","51100","-700","-1.35","9774331196700"
"009835","한화솔루션우","KOSPI","화학","47650","-1100","-2.26","53546068050"
"272210","한화시스템","KOSPI","전기전자","15150","-450","-2.88","2862128743350"
"012450","한화에어로스페이스","KOSPI","운수장비","80600","800","1.00","4080778000000"
"000885","한화우","KOSPI","화학","36500","-50","-0.14","17494231000"
"003530","한화투자증권","KOSPI","증권","3005","-25","-0.83","644716063875"
"003535","한화투자증권우","KOSPI","증권","6960","0","0.00","33408000000"
"195870","해성디에스","KOSPI","전기전자","56100","-1000","-1.75","953700000000"
"101530","해태제과식품","KOSPI","음식료품","6980","-30","-0.43","203235417560"
"143210","핸즈코퍼레이션","KOSPI","운수장비","3800","30","0.80","83080418400"
"000720","현대건설","KOSPI","건설업","45050","-600","-1.31","5016577213250"
"267270","현대건설기계","KOSPI","기계","38100","-750","-1.93","750600213300"
"000725","현대건설우","KOSPI","건설업","70200","-300","-0.43","74039448600"
"005440","현대그린푸드","KOSPI","유통업","7480","-70","-0.93","730829525360"
"086280","현대글로비스","KOSPI","운수창고업","171500","1000","0.59","6431250000000"
"042670","현대두산인프라코어","KOSPI","기계","5700","-160","-2.73","1127251442700"
"064350","현대로템","KOSPI","운수장비","30200","350","1.17","3296097248600"
"079430","현대리바트","KOSPI","기타제조업","10800","0","0.00","221781045600"
"012330","현대모비스","KOSPI","운수장비","214000","2000","0.94","20238642116000"
"010620","현대미포조선","KOSPI","운수장비","103500","2000","1.97","4134012421500"
"069960","현대백화점","KOSPI","유통업","60500","-500","-0.82","1415847680500"
"004560","현대비앤지스틸","KOSPI","철강금속","13450","-450","-3.24","202810007950"
"004565","현대비앤지스틸우","KOSPI","철강금속","59900","-400","-0.66","6580134800"
"004310","현대약품","KOSPI","의약품","4960","-100","-1.98","158720000000"
"322000","현대에너지솔루션","KOSPI","전기전자","67100","-1500","-2.19","751520000000"
"017800","현대엘리베이","KOSPI","기계","27900","-250","-0.89","1138743828900"
"307950","현대오토에버","KOSPI","서비스업","121000","2500","2.11","3318301822000"
"011210","현대위아","KOSPI","운수장비","75200","-100","-0.13","2045070241600"
"267260","현대일렉트릭","KOSPI","전기전자","31550","-300","-0.94","1137287109250"
"004020","현대제철","KOSPI","철강금속","31500","-750","-2.33","4203542227500"
"329180","현대중공업","KOSPI","운수장비","133500","-500","-0.37","11851210986000"
"005380","현대차","KOSPI","운수장비","196500","1000","0.51","41985798745500"
"005387","현대차2우B","KOSPI","운수장비","93100","100","0.11","3396795488100"
"005389","현대차3우B","KOSPI","운수장비","88500","600","0.68","214943047500"
"005385","현대차우","KOSPI","운수장비","91500","200","0.22","2228636677500"
"001500","현대차증권","KOSPI","증권","10100","0","0.00","320296876200"
"011760","현대코퍼레이션","KOSPI","유통업","17950","-200","-1.10","237459939700"
"227840","현대코퍼레이션홀딩스","KOSPI","유통업","11200","-200","-1.75","101929363200"
"126560","현대퓨처넷","KOSPI","통신업","2630","-25","-0.94","289833745350"
"001450","현대해상","KOSPI","보험","31350","450","1.46","2802690000000"
"057050","현대홈쇼핑","KOSPI","유통업","49450","150","0.30","593400000000"
"093240","형지엘리트","KOSPI","섬유의복","1715","5","0.29","53430478570"
"003010","혜인","KOSPI","유통업","6860","-150","-2.14","87209444420"
"111110","호전실업","KOSPI","섬유의복","8520","220","2.65","83069863680"
"008770","호텔신라","KOSPI","유통업","72400","-500","-0.69","2841563960400"
"008775","호텔신라우","KOSPI","유통업","60300","1300","2.20","45338303700"
"002460","화성산업","KOSPI","건설업","14650","250","1.74","148697500000"
"378850","화승알앤에이","KOSPI","운수장비","4480","20","0.45","85091431040"
"241590","화승엔터프라이즈","KOSPI","기타제조업","12650","0","0.00","766343464150"
"006060","화승인더","KOSPI","화학","4875","-25","-0.51","269685000000"
"013520","화승코퍼레이션","KOSPI","운수장비","1625","-25","-1.52","81333284500"
"010690","화신","KOSPI","운수장비","11500","500","4.55","401584715000"
"133820","화인베스틸","KOSPI","철강금속","2685","-10","-0.37","79964511585"
"010660","화천기계","KOSPI","기계","3100","-35","-1.12","68200000000"
"000850","화천기공","KOSPI","기계","33000","-300","-0.90","72600000000"
"016580","환인제약","KOSPI","의약품","17050","0","0.00","317131193500"
"032560","황금에스티","KOSPI","철강금속","7600","-160","-2.06","129200000000"
"004800","효성","KOSPI","기타금융","73600","-100","-0.14","1550827440000"
"094280","효성ITX","KOSPI","서비스업","14850","-100","-0.67","171639270000"
"298040","효성중공업","KOSPI","전기전자","70600","100","0.14","658313088800"
"298050","효성첨단소재","KOSPI","화학","419000","-5500","-1.30","1877098212000"
"298020","효성티앤씨","KOSPI","화학","304000","-2500","-0.82","1315615328000"
"298000","효성화학","KOSPI","화학","171000","3000","1.79","545511546000"
"093370","후성","KOSPI","화학","15350","-250","-1.60","1421514671650"
"081660","휠라홀딩스","KOSPI","유통업","30400","50","0.16","1846867548800"
"005870","휴니드","KOSPI","전기전자","7870","-120","-1.50","111093038050"
"079980","휴비스","KOSPI","화학","5990","0","0.00","206655000000"
"005010","휴스틸","KOSPI","철강금속","7430","-470","-5.95","291167397250"
"000540","흥국화재","KOSPI","보험","3295","-40","-1.20","211679515275"
"000547","흥국화재2우B","KOSPI","보험","21750","100","0.46","3340800000"
"000545","흥국화재우","KOSPI","보험","7000","-30","-0.43","5376000000"
"003280","흥아해운","KOSPI","운수창고업","1660","-5","-0.30","399105332340"